Prueba;Protocolo;RSSI_dBm;Latencia_ms;Exito;Bytes
1;MQTT;-36;12;1;94
2;MQTT;-35;12;1;104
3;MQTT;-35;12;1;104
4;MQTT;-35;12;1;104
5;MQTT;-36;42;1;104
6;MQTT;-37;12;1;104
7;MQTT;-23;12;1;104
8;MQTT;-24;12;1;104
9;MQTT;-34;12;1;104
10;MQTT;-31;12;1;105
11;MQTT;-36;12;1;105
12;MQTT;-31;12;1;105
13;MQTT;-34;22;1;105
14;MQTT;-36;11;1;105
15;MQTT;-34;12;1;105
16;MQTT;-34;12;1;105
17;MQTT;-35;32;1;105
18;MQTT;-36;22;1;105
19;MQTT;-35;32;1;105
20;MQTT;-35;12;1;106
21;MQTT;-31;12;1;106
22;MQTT;-35;12;1;106
23;MQTT;-41;22;1;106
24;MQTT;-34;12;1;106
25;MQTT;-42;12;1;106
26;MQTT;-37;12;1;106
27;MQTT;-38;12;1;106
28;MQTT;-38;11;1;106
29;MQTT;-34;22;1;106
30;MQTT;-35;12;1;106
