1,LEJOS,-68,1,382,94
2,LEJOS,-69,1,22,104
3,LEJOS,-61,1,512,104
4,LEJOS,-64,1,62,104
5,LEJOS,-65,1,342,104
6,LEJOS,-69,1,562,104
7,LEJOS,-67,1,12,104
8,LEJOS,-65,1,383,104
9,LEJOS,-66,1,32,104
10,LEJOS,-65,1,52,105
11,LEJOS,-69,1,62,105
12,LEJOS,-65,1,342,105
13,LEJOS,-68,1,252,105
14,LEJOS,-69,1,472,105
15,LEJOS,-65,1,12,105
16,LEJOS,-69,1,32,105
17,LEJOS,-70,1,42,105
18,LEJOS,-68,1,22,105
19,LEJOS,-67,1,22,105
20,LEJOS,-68,1,12,106
21,LEJOS,-68,1,162,106
22,LEJOS,-71,1,382,106
23,LEJOS,-73,1,292,106
24,LEJOS,-68,1,512,106
25,LEJOS,-65,1,52,106
26,LEJOS,-62,1,22,106
27,LEJOS,-61,1,242,106
28,LEJOS,-64,1,152,106
29,LEJOS,-66,1,372,106
30,LEJOS,-70,1,22,106