1,CERCA,-2,1,32,93
2,CERCA,-3,1,442,103
3,CERCA,-3,1,22,103
4,CERCA,-3,1,22,103
5,CERCA,-3,1,482,103
6,CERCA,-4,1,12,103
7,CERCA,-4,1,42,103
8,CERCA,-4,1,532,103
9,CERCA,-4,1,12,103
10,CERCA,-3,1,352,104
11,CERCA,-4,1,12,104
12,CERCA,-5,1,172,104
13,CERCA,-4,1,392,104
14,CERCA,-3,1,42,104
15,CERCA,-4,1,12,104
16,CERCA,-4,1,12,104
17,CERCA,-3,1,22,104
18,CERCA,-4,1,262,104
19,CERCA,-3,1,482,104
20,CERCA,-4,1,32,105
21,CERCA,-4,1,42,105
22,CERCA,-3,1,222,105
23,CERCA,-3,1,442,105
24,CERCA,-4,1,12,105
25,CERCA,-3,1,262,105
26,CERCA,-4,1,482,105
27,CERCA,-3,1,32,105
28,CERCA,-4,1,22,105
29,CERCA,-3,1,52,105
30,CERCA,-3,1,132,105
